<function id="fn1">
<vtype name="func">
<intypes>
<vtype name="int32">
</vtype>
<vtype name="int32">
</vtype>
</intypes>
<outtypes>
<vtype name="int32">
</vtype>
</outtypes>
</vtype>
<arglist>
<arg restrict="0" id="0">
</arg>
<arg restrict="0" id="1">
</arg>
</arglist>
<symtable>
<sym id="0" name="a">
<vtype name="int32">
</vtype>
</sym>
<sym id="1" name="b">
<vtype name="int32">
</vtype>
</sym>
<sym id="2" name="c">
<vtype name="int32">
</vtype>
</sym>
</symtable>
<body>
<stmt name="stmtlist">
<stmt name="assignstmt">
<rhs>
<expr name="plus">
<vtype name="int32">
</vtype>
<rhs>
<expr name="name" id="1">
<vtype name="int32">
</vtype>
</expr>
</rhs>
<lhs>
<expr name="name" id="0">
<vtype name="int32">
</vtype>
</expr>
</lhs>
</expr>
</rhs>
<lhs>
<expr name="name" id="2">
</expr>
</lhs>
</stmt>
<stmt name="returnstmt">
<expr name="name" id="2">
<vtype name="int32">
</vtype>
</expr>
</stmt>
</stmt>
</body>
</function>
