<function id="fn4">
<vtype name="func">
<intypes>
<vtype ndims="1" layout="strides" name="array">
<vtype name="float64">
</vtype>
</vtype>
<vtype ndims="1" layout="strides" name="array">
<vtype name="float64">
</vtype>
</vtype>
<vtype name="int32">
</vtype>
</intypes>
<outtypes>
<vtype name="void">
</vtype>
</outtypes>
</vtype>
<arglist>
<arg restrict="0" id="0">
</arg>
<arg restrict="0" id="1">
</arg>
<arg restrict="0" id="2">
</arg>
</arglist>
<symtable>
<sym id="0" name="a">
<vtype ndims="1" layout="strides" name="array">
<vtype name="float64">
</vtype>
</vtype>
</sym>
<sym id="1" name="b">
<vtype ndims="1" layout="strides" name="array">
<vtype name="float64">
</vtype>
</vtype>
</sym>
<sym id="2" name="n">
<vtype name="int32">
</vtype>
</sym>
<sym id="3" name="i">
<vtype name="int32">
</vtype>
</sym>
</symtable>
<body>
<stmt name="stmtlist">
<stmt gpu="1" name="stmtlist">
<stmt name="forstmt">
<domain>
<expr name="domain">
<vtype ndims="1" name="domain">
</vtype>
<range>
<stop>
<expr name="name" id="2">
<vtype name="int32">
</vtype>
</expr>
</stop>
</range>
</expr>
</domain>
<body>
<stmt name="assignstmt">
<rhs>
<expr boundscheck="0" name="index" negative="1">
<vtype name="float64">
</vtype>
<aname>
<expr name="name" id="1">
<vtype ndims="1" layout="strides" name="array">
<vtype name="float64">
</vtype>
</vtype>
</expr>
</aname>
<indices>
<expr name="name" id="3">
<vtype name="int32">
</vtype>
</expr>
</indices>
</expr>
</rhs>
<lhs>
<expr boundscheck="0" name="index" negative="1">
<vtype name="float64">
</vtype>
<aname>
<expr name="name" id="0">
<vtype ndims="1" layout="strides" name="array">
<vtype name="float64">
</vtype>
</vtype>
</expr>
</aname>
<indices>
<expr name="name" id="3">
<vtype name="int32">
</vtype>
</expr>
</indices>
</expr>
</lhs>
</stmt>
</body>
<itervars>
<sym id="3">
</sym>
</itervars>
<expr name="domain">
<vtype ndims="1" name="domain">
</vtype>
<range>
<stop>
<expr name="name" id="2">
<vtype name="int32">
</vtype>
</expr>
</stop>
</range>
</expr>
</stmt>
</stmt>
<stmt name="returnstmt">
</stmt>
</stmt>
</body>
</function>
